name,genus,species,seed_type,continent,use,donors
Hickory King Corn,Zea,Zea Mays,Open-Pollinated,North America,Animal Feed,Matt Jones
Celebrity Tomato,Solanum,Solanum Lycopersicum,Hybrid,North America,Culinary,Jerry King
Stargazer Lilies,Lilium,Lilium Oriental Hybrids (Lilium x Orientalis),Hybrid,Asia,Ornamental,Renee Shepherd
Moon & Star Watermelon,Citrullus,Citrullus Lanatus,Heirloom,North America,Culinary,Jerry King
Roma Tomato,Solanum,Solanum Lycopersicum,Heirloom,North America,Culinary,Matt Jones
Jalape√±o,Capsicum,Capsicum Annuum,Open-Pollinated,North America,Culinary,Jerry King
Sweet Siberian Watermelon,Citrullus,Citrullus Lanatus,Heirloom,Europe,Culinary,Matt Jones
Meyer Lemon Tree,Citrus,Citrus x Meyeri,Hybrid,Asia,Ornamental,Renee Shepherd
Provider Bean,Phaseolus,Phaseolus Vulgaris,Open-Pollinated,North America,Culinary,Matt Jones
Little Gem Lettuce,Lactuca,Lactuca Sativa,Heirloom,Europe,Culinary,Matt Jones
Lion's Ear,Leonotis,Leonotis Leonurus,Heirloom,Africa,Medicinal,Larry Preston
Antonovka Apple,Malus,Malus Domestica var. Antonovka,Heirloom,Europe,Culinary,Matt Jones
Black Bat Flower,Tacca,Tacca Chantrieri,Open-Pollinated,Asia,Ornamental,Renee Shepherd
White Bat Flower,Tacca,Tacca Integrifolia,Open-Pollinated,Asia,Ornamental,Renee Shepherd
Candyleaf,Stevia,Stevia Rebaudiana,Open-Pollinated,South America,Culinary,Matt Jones
Hybrid Pearl Millet,Cenchrus,Cenchrus Americanus,Hybrid,Africa,Animal Feed,Matt Jones
Mango,Mangifera,Mangifera Indica,Open-Pollinated,Asia,Culinary,Matt Jones
Candlenut,Aleurites,Aleurites Moluccanus,Open-Pollinated,Asia,Culinary,Jerry King
Jackfruit,Artocarpus,Artocarpus Heterophyllus,Open-Pollinated,Asia,Culinary,Matt Jones
Baby Corn,Zea,Zea Mays,Hybrid,North America,Culinary,Matt Jones